{
  "project_info": {
    "project_number": "319480207363",
    "firebase_url": "https://price-compare-1ec2e.firebaseio.com",
    "project_id": "price-compare-1ec2e",
    "storage_bucket": "price-compare-1ec2e.appspot.com"
  },
  "client": [
    {
      "client_info": {
        "mobilesdk_app_id": "1:319480207363:android:0ccfa83f5e882fad7ed636",
        "android_client_info": {
          "package_name": "com.android.application"
        }
      },
      "oauth_client": [
        {
          "client_id": "319480207363-9t93gm7vpbu0lor9o92t60k3qi2rqit3.apps.googleusercontent.com",
          "client_type": 3
        }
      ],
      "api_key": [
        {
          "current_key": "AIzaSyDsZ9MdYzg3CS03CcR85fOrd4PaYpSnGpI"
        }
      ],
      "services": {
        "appinvite_service": {
          "other_platform_oauth_client": [
            {
              "client_id": "319480207363-9t93gm7vpbu0lor9o92t60k3qi2rqit3.apps.googleusercontent.com",
              "client_type": 3
            }
          ]
        }
      }
    },
    {
      "client_info": {
        "mobilesdk_app_id": "1:319480207363:android:0a9c4bf10ee7f7907ed636",
        "android_client_info": {
          "package_name": "com.example.pricecompare"
        }
      },
      "oauth_client": [
        {
          "client_id": "319480207363-9t93gm7vpbu0lor9o92t60k3qi2rqit3.apps.googleusercontent.com",
          "client_type": 3
        }
      ],
      "api_key": [
        {
          "current_key": "AIzaSyDsZ9MdYzg3CS03CcR85fOrd4PaYpSnGpI"
        }
      ],
      "services": {
        "appinvite_service": {
          "other_platform_oauth_client": [
            {
              "client_id": "319480207363-9t93gm7vpbu0lor9o92t60k3qi2rqit3.apps.googleusercontent.com",
              "client_type": 3
            }
          ]
        }
      }
    }
  ],
  "configuration_version": "1"
}